<?xml version="1.0" encoding="UTF-8"?>
<project-private xmlns="http://www.netbeans.org/ns/project-private/1">
    <editor-bookmarks xmlns="http://www.netbeans.org/ns/editor-bookmarks/2" lastBookmarkId="1">
        <file>
            <url>application/controllers/Articles.php</url>
            <bookmark id="1">
                <name/>
                <line>98</line>
                <key/>
            </bookmark>
        </file>
    </editor-bookmarks>
    <open-files xmlns="http://www.netbeans.org/ns/projectui-open-files/2">
        <group>
            <file>file:/C:/xampp/htdocs/gestionArticles/application/controllers/Articles.php</file>
            <file>file:/C:/xampp/htdocs/gestionArticles/application/views/articles/ajout_article.php</file>
            <file>file:/C:/xampp/htdocs/gestionArticles/application/controllers/index.html</file>
            <file>file:/C:/xampp/htdocs/gestionArticles/application/models/themes/Themes.php</file>
            <file>file:/C:/xampp/htdocs/gestionArticles/application/views/connexion/formulaire.php</file>
            <file>file:/C:/xampp/htdocs/gestionArticles/application/models/index.html</file>
            <file>file:/C:/xampp/htdocs/gestionArticles/application/views/articles/success.php</file>
            <file>file:/C:/xampp/htdocs/gestionArticles/application/libraries/index.html</file>
            <file>file:/C:/xampp/htdocs/gestionArticles/application/models/auteurs/Auteurs.php</file>
            <file>file:/C:/xampp/htdocs/gestionArticles/application/controllers/Accueil.php</file>
            <file>file:/C:/xampp/htdocs/gestionArticles/application/views/articles/articlesThemes.php</file>
            <file>file:/C:/xampp/htdocs/gestionArticles/application/views/articles/articlesAuteurs.php</file>
            <file>file:/C:/xampp/htdocs/gestionArticles/application/views/templates/footer.php</file>
            <file>file:/C:/xampp/htdocs/gestionArticles/application/views/articles/articles.php</file>
            <file>file:/C:/xampp/htdocs/gestionArticles/application/views/templates/nav.php</file>
            <file>file:/C:/xampp/htdocs/gestionArticles/assets/css/style.css</file>
            <file>file:/C:/xampp/htdocs/gestionArticles/application/models/utilisateurs/Utilisateurs.php</file>
            <file>file:/C:/xampp/htdocs/gestionArticles/application/logs/index.html</file>
            <file>file:/C:/xampp/htdocs/gestionArticles/application/helpers/index.html</file>
            <file>file:/C:/xampp/htdocs/gestionArticles/application/controllers/Connexion.php</file>
            <file>file:/C:/xampp/htdocs/gestionArticles/application/views/articles/themes.php</file>
            <file>file:/C:/xampp/htdocs/gestionArticles/application/models/articles/Articles_modele.php</file>
            <file>file:/C:/xampp/htdocs/gestionArticles/application/core/index%20(1).html</file>
            <file>file:/C:/xampp/htdocs/gestionArticles/application/controllers/Welcome.php</file>
            <file>file:/C:/xampp/htdocs/gestionArticles/application/views/articles/auteurs.php</file>
            <file>file:/C:/xampp/htdocs/gestionArticles/application/config/database.php</file>
            <file>file:/C:/xampp/htdocs/gestionArticles/application/logs/index%20(1).html</file>
            <file>file:/C:/xampp/htdocs/gestionArticles/application/views/templates/header.php</file>
            <file>file:/C:/xampp/htdocs/gestionArticles/application/views/accueil/accueil.php</file>
        </group>
    </open-files>
</project-private>
